workload,variant,structure,n,time_ms,steps,moves,comparisons
W1,-,DynamicArray,100,0.147,10000,0,0
W1,-,MyLinkedList,100,0.503,501508,0,0
W2,-,DynamicArray,100,0.287,75572,0,75572
W2,-,MyLinkedList,100,0.300,75072,0,75572
W3,head,DynamicArray,100,0.348,1201120,1200120,0
W3,head,MyLinkedList,100,0.071,1000,3000,0
W3,middle,DynamicArray,100,0.246,1101120,1100120,0
W3,middle,MyLinkedList,100,0.271,101000,3000,0
W4,-,MinHeap,100,0.075,3238,1268,1035
W1,-,DynamicArray,1000,0.044,10000,0,0
W1,-,MyLinkedList,1000,5.753,5005208,0,0
W2,-,DynamicArray,1000,0.292,752172,0,752172
W2,-,MyLinkedList,1000,1.258,751672,0,752172
W3,head,DynamicArray,1000,0.595,3001280,3000280,0
W3,head,MyLinkedList,1000,0.026,1000,3000,0
W3,middle,DynamicArray,1000,0.436,2001280,2000280,0
W3,middle,MyLinkedList,1000,1.167,1001000,3000,0
W4,-,MinHeap,1000,0.412,52438,19464,17226
W1,-,DynamicArray,10000,0.005,10000,0,0
W1,-,MyLinkedList,10000,91.351,50129208,0,0
W2,-,DynamicArray,10000,2.572,7399384,0,7399384
W2,-,MyLinkedList,10000,23.762,7398884,0,7399384
W3,head,DynamicArray,10000,4.068,21010240,21009240,0
W3,head,MyLinkedList,10000,0.014,1000,3000,0
W3,middle,DynamicArray,10000,1.967,11010240,11009240,0
W3,middle,MyLinkedList,10000,20.870,10001000,3000,0
W4,-,MinHeap,10000,1.242,722778,259326,239329
W1,-,DynamicArray,100000,0.008,10000,0,0
W1,-,MyLinkedList,100000,770.955,502489208,0,0
W2,-,DynamicArray,100000,46.829,73728608,0,73728608
W2,-,MyLinkedList,100000,156.185,73728108,0,73728608
W3,head,DynamicArray,100000,45.877,201000000,200999000,0
W3,head,MyLinkedList,100000,0.006,1000,3000,0
W3,middle,DynamicArray,100000,20.067,101000000,100999000,0
W3,middle,MyLinkedList,100000,240.104,100001000,3000,0
W4,-,MinHeap,100000,10.733,9283090,3320190,3059125
